{
  "features": [
    "TimeIndex",
    "Year",
    "MonthNum",
    "Quarter",
    "Month_sin",
    "Month_cos",
    "Lag_1",
    "Lag_2",
    "Lag_3",
    "Lag_12",
    "Rolling_3m_mean",
    "Rolling_6m_mean",
    "Rolling_3m_std"
  ],
  "historical": {
    "labels": [
      "Jan 2014",
      "Feb 2014",
      "Mar 2014",
      "Apr 2014",
      "May 2014",
      "Jun 2014",
      "Jul 2014",
      "Aug 2014",
      "Sep 2014",
      "Oct 2014",
      "Nov 2014",
      "Dec 2014",
      "Jan 2015",
      "Feb 2015",
      "Mar 2015",
      "Apr 2015",
      "May 2015",
      "Jun 2015",
      "Jul 2015",
      "Aug 2015",
      "Sep 2015",
      "Oct 2015",
      "Nov 2015",
      "Dec 2015",
      "Jan 2016",
      "Feb 2016",
      "Mar 2016",
      "Apr 2016",
      "May 2016",
      "Jun 2016",
      "Jul 2016",
      "Aug 2016",
      "Sep 2016",
      "Oct 2016",
      "Nov 2016",
      "Dec 2016",
      "Jan 2017",
      "Feb 2017",
      "Mar 2017",
      "Apr 2017",
      "May 2017",
      "Jun 2017",
      "Jul 2017",
      "Aug 2017",
      "Sep 2017",
      "Oct 2017",
      "Nov 2017",
      "Dec 2017"
    ],
    "values": [
      14236.895,
      4519.892,
      55691.009,
      28295.345,
      23648.287,
      34595.1276,
      33946.393,
      27909.4685,
      81777.3508,
      31453.393,
      78628.7167,
      69545.6205,
      18174.0756,
      11951.411,
      38726.252,
      34195.2085,
      30131.6865,
      24797.292,
      28765.325,
      36898.3322,
      64595.918,
      31404.9235,
      75972.5635,
      74919.5212,
      18542.490999999998,
      22978.815000000002,
      51715.875,
      38750.039,
      56987.728,
      40344.534,
      39261.963,
      31115.3743,
      73410.0249,
      59687.745,
      79411.9658,
      96999.043,
      43971.374,
      20301.1334,
      58872.3528,
      36521.5361,
      44261.1102,
      52981.7257,
      45264.416,
      63120.888,
      87866.652,
      77776.9232,
      118447.825,
      83829.3188
    ]
  },
  "forecast": {
    "model": "Random Forest",
    "horizon_months": 6,
    "forecast_dates": [
      "Jan 2018",
      "Feb 2018",
      "Mar 2018",
      "Apr 2018",
      "May 2018",
      "Jun 2018"
    ],
    "forecast_values": [
      42557.75396136491,
      35612.62507080954,
      66440.2846308287,
      46425.331865218504,
      48327.887869245336,
      53391.961656733416
    ],
    "intervals": {
      "p10": [
        36500.99179936497,
        30422.03793128828,
        59621.1157613493,
        38986.32916222078,
        42399.58996729618,
        46409.81015515008
      ],
      "p90": [
        50229.39540545409,
        41879.02964523548,
        72110.71353574612,
        52718.264919703644,
        54838.75063265648,
        59428.8930363275
      ]
    }
  },
  "meta": {
    "best_model": "Random Forest",
    "generated_by": "train_export_forecast.py"
  }
}