{
  "walk_forward": {
    "fold_count": 51,
    "summary": {
      "Linear Regression": {
        "MAE": {
          "mean": 1331254.121435581,
          "std": 454725.0866311461
        },
        "RMSE": {
          "mean": 1626448.6097912162,
          "std": 533911.3877462487
        },
        "R2": {
          "mean": -0.7818341576214713,
          "std": 2.3786127345275037
        },
        "MAPE": {
          "mean": 38.40419430138793,
          "std": 16.157154121935633
        }
      },
      "Random Forest": {
        "MAE": {
          "mean": 1099671.160456864,
          "std": 159335.6751510804
        },
        "RMSE": {
          "mean": 1237339.3067756156,
          "std": 168612.54307432365
        },
        "R2": {
          "mean": 0.26792800100434616,
          "std": 0.3806466732198186
        },
        "MAPE": {
          "mean": 26.16032080125133,
          "std": 4.210162634974855
        }
      },
      "Gradient Boosting": {
        "MAE": {
          "mean": 1065097.0732241934,
          "std": 134718.28130167475
        },
        "RMSE": {
          "mean": 1267747.5709115802,
          "std": 135179.92642030443
        },
        "R2": {
          "mean": 0.17211110231371957,
          "std": 0.5109178894153554
        },
        "MAPE": {
          "mean": 28.15149122411516,
          "std": 6.690997334460398
        }
      }
    }
  },
  "best_model": "Random Forest",
  "generated_by": "train_export_forecast.py"
}