{
  "walk_forward": {
    "fold_count": 51,
    "summary": {
      "Linear Regression": {
        "MAE": {
          "mean": 16039.206282356397,
          "std": 5478.615501580073
        },
        "RMSE": {
          "mean": 19595.7663830267,
          "std": 6432.667322243961
        },
        "R2": {
          "mean": -0.7818341576214713,
          "std": 2.3786127345275037
        },
        "MAPE": {
          "mean": 38.40419430138793,
          "std": 16.157154121935633
        }
      },
      "Random Forest": {
        "MAE": {
          "mean": 13249.050125986312,
          "std": 1919.7069295310891
        },
        "RMSE": {
          "mean": 14907.702491272476,
          "std": 2031.4764225822125
        },
        "R2": {
          "mean": 0.26792800100434616,
          "std": 0.3806466732198186
        },
        "MAPE": {
          "mean": 26.16032080125133,
          "std": 4.210162634974855
        }
      },
      "Gradient Boosting": {
        "MAE": {
          "mean": 12832.494858122811,
          "std": 1623.111822911744
        },
        "RMSE": {
          "mean": 15274.06711941663,
          "std": 1628.6738122928246
        },
        "R2": {
          "mean": 0.17211110231371957,
          "std": 0.5109178894153554
        },
        "MAPE": {
          "mean": 28.15149122411516,
          "std": 6.690997334460398
        }
      }
    }
  },
  "best_model": "Random Forest",
  "generated_by": "train_export_forecast.py"
}